{"train/loss": 0.7652, "train/learning_rate": 4.284794736089258e-05, "train/epoch": 0.72, "train/global_step": 5000, "_timestamp": 1679373044.5634873, "_runtime": 41502.27911734581, "_step": 9}