{"train/loss": 0.7779, "train/learning_rate": 4.356315262480332e-05, "train/epoch": 0.64, "train/global_step": 4500, "_timestamp": 1679127410.2769737, "_runtime": 36920.970438718796, "_step": 8}